[
  {
    "name": "sychy",
    "url": "https://i.ibb.co.com/kDrhMmZ/002ddb7374d40d736e9dd812645d0a2b.jpg"
  },
  {
    "name": "sychyy",
    "url": "https://i.ibb.co.com/1QDTsvx/e7f0501e6ecdb06c6e4c05c2d7aae13d.jpg"
  },
  {
    "name": "synch",
    "url": "https://i.ibb.co.com/K21RvZN/22d0d0f8ce1bccf9ce7185b759c32b5d.jpg"
  },
  {
    "name": "sychya",
    "url": "https://i.ibb.co.com/85s5qjN/5cda8cf3bb0e2344cda36266673171d8.jpg"
  },
  {
    "name": "synche",
    "url": "https://i.ibb.co.com/x6cRFN1/6cbaad220c211d8399577906a2f30856.jpg"
  },
  {
    "name": "sych",
    "url": "https://i.ibb.co.com/3rqCPX6/fk.jpg"
  }
]